{"name":"4. Subir el Scroll","id":"pruebas-funcionales-de-la-aplicación-wikipedia;4.-subir-el-scroll","scenarioId":"wikipedia:4. Subir el Scroll","methodName":"4. Subir el Scroll","testSteps":[{"number":1,"description":"Given Que Ingreso a la APP de Wikipedia","duration":1746,"startTime":"2025-06-04T00:13:12.951260400-05:00[America/Bogota]","screenshots":[{"screenshot":"2df1af8d1f1158192820bf1c45c220d428c97cd37dd69ab70feb41f73cd5a876.png","timeStamp":1749013994697,"screenshotName":"2df1af8d1f1158192820bf1c45c220d428c97cd37dd69ab70feb41f73cd5a876.png"}],"result":"SUCCESS","precondition":false,"level":0},{"number":2,"description":"When Se valida subir el Scroll","duration":4,"startTime":"2025-06-04T00:13:14.698862400-05:00[America/Bogota]","result":"PENDING","precondition":false,"level":0}],"userStory":{"id":"wikipedia","storyName":"Pruebas Funcionales de la Aplicación Wikipedia","displayName":"Pruebas Funcionales de la Aplicación Wikipedia","path":"wikipedia","pathElements":[{"name":"wikipedia","description":""}],"narrative":"  Como usuario, quiero interactuar con la aplicación de Wikipedia\n  Para poder iniciar sesión, buscar, navegar y usar funciones específicas de móviles","type":"feature"},"title":"4. Subir el Scroll","description":"","backgroundTitle":": Ingreso App Wikipedia","backgroundDescription":"","tags":[{"name":"App","type":"tag","displayName":"App"},{"name":"AppWikipedia","type":"tag","displayName":"AppWikipedia"}],"startTime":"2025-06-04T00:13:03.044273700-05:00[America/Bogota]","endTime":"2025-06-04T00:13:14.705845200-05:00[America/Bogota]","duration":9959,"projectKey":"","annotatedResult":"PENDING","sessionId":"036acb19-64e2-4473-932d-050efe877101","driver":"appium","isManualTestingUpToDate":false,"manual":false,"testSource":"Cucumber","actors":[{"name":"Lenovo","can":["browse the web"]}],"order":0,"result":"PENDING"}