{"name":"2. Buscar un artículo","id":"pruebas-funcionales-de-la-aplicación-wikipedia;2.-buscar-un-artículo","scenarioId":"wikipedia:2. Buscar un artículo","methodName":"2. Buscar un artículo","testSteps":[{"number":1,"description":"1: 2. Buscar un artículo ({idCaso\u003d1, artículo\u003dAppium})","duration":34604,"startTime":"2025-06-04T00:16:44.531733900-05:00[America/Bogota]","screenshots":[{"screenshot":"370b89bd261f4b8ba1fbda4be986456dca7cb3af5c8adb3bb7c889569cf4c813.png","timeStamp":1749014239136,"screenshotName":"370b89bd261f4b8ba1fbda4be986456dca7cb3af5c8adb3bb7c889569cf4c813.png"}],"result":"SUCCESS","precondition":false,"level":0,"lineNumber":38,"children":[{"number":2,"description":"Given Que Ingreso a la APP de Wikipedia","duration":1776,"startTime":"2025-06-04T00:16:56.523509200-05:00[America/Bogota]","screenshots":[{"screenshot":"dc2a036b183c5d9cfa5f3a4489ff66e5396b52cebcc90f6cd4c579d673f88ed5.png","timeStamp":1749014218298,"screenshotName":"dc2a036b183c5d9cfa5f3a4489ff66e5396b52cebcc90f6cd4c579d673f88ed5.png"}],"result":"SUCCESS","precondition":false,"level":1},{"number":3,"description":"When Se busca el artículo\r\n| Id Caso | Artículo |\r\n| 1 | Appium |","duration":18077,"startTime":"2025-06-04T00:16:58.302801600-05:00[America/Bogota]","screenshots":[{"screenshot":"cec119dc753ffb19400a1d098e2033d92e7c958a3cafd6d0aab796543d0f9205.png","timeStamp":1749014236380,"screenshotName":"cec119dc753ffb19400a1d098e2033d92e7c958a3cafd6d0aab796543d0f9205.png"}],"result":"SUCCESS","precondition":false,"level":1,"children":[{"number":4,"description":"Lenovo buscar","duration":16867,"startTime":"2025-06-04T00:16:59.509472700-05:00[America/Bogota]","screenshots":[{"screenshot":"cec119dc753ffb19400a1d098e2033d92e7c958a3cafd6d0aab796543d0f9205.png","timeStamp":1749014236376,"screenshotName":"cec119dc753ffb19400a1d098e2033d92e7c958a3cafd6d0aab796543d0f9205.png"}],"result":"SUCCESS","precondition":false,"level":2,"children":[{"number":5,"description":"Lenovo click Boton Continuar","duration":3113,"startTime":"2025-06-04T00:17:00.018998200-05:00[America/Bogota]","screenshots":[{"screenshot":"ce1537efa13bdd4f2a02c38777b3f6fddc797992af5f63b0d1532ada7797a025.png","timeStamp":1749014223132,"screenshotName":"ce1537efa13bdd4f2a02c38777b3f6fddc797992af5f63b0d1532ada7797a025.png"}],"result":"SUCCESS","precondition":false,"level":3,"children":[{"number":6,"description":"Lenovo clicks on Continue button","duration":1527,"startTime":"2025-06-04T00:17:00.036708500-05:00[America/Bogota]","screenshots":[{"screenshot":"2c3cdc8f5d8b0985adc73535bbc62e16bdefc5c6cdb8582d6878d8ddcd566b1d.png","timeStamp":1749014221564,"screenshotName":"2c3cdc8f5d8b0985adc73535bbc62e16bdefc5c6cdb8582d6878d8ddcd566b1d.png"}],"result":"SUCCESS","precondition":false,"level":4},{"number":7,"description":"Lenovo clicks on Continue button","duration":1541,"startTime":"2025-06-04T00:17:01.573810100-05:00[America/Bogota]","screenshots":[{"screenshot":"ce1537efa13bdd4f2a02c38777b3f6fddc797992af5f63b0d1532ada7797a025.png","timeStamp":1749014223115,"screenshotName":"ce1537efa13bdd4f2a02c38777b3f6fddc797992af5f63b0d1532ada7797a025.png"}],"result":"SUCCESS","precondition":false,"level":4}]},{"number":8,"description":"Lenovo click en Skip Button","duration":2243,"startTime":"2025-06-04T00:17:03.139091600-05:00[America/Bogota]","screenshots":[{"screenshot":"ce1537efa13bdd4f2a02c38777b3f6fddc797992af5f63b0d1532ada7797a025.png","timeStamp":1749014225382,"screenshotName":"ce1537efa13bdd4f2a02c38777b3f6fddc797992af5f63b0d1532ada7797a025.png"}],"result":"SUCCESS","precondition":false,"level":3,"children":[{"number":9,"description":"Lenovo clicks on Skip button","duration":2224,"startTime":"2025-06-04T00:17:03.149063-05:00[America/Bogota]","screenshots":[{"screenshot":"ce1537efa13bdd4f2a02c38777b3f6fddc797992af5f63b0d1532ada7797a025.png","timeStamp":1749014225373,"screenshotName":"ce1537efa13bdd4f2a02c38777b3f6fddc797992af5f63b0d1532ada7797a025.png"}],"result":"SUCCESS","precondition":false,"level":4}]},{"number":10,"description":"Lenovo buscar artículo","duration":10984,"startTime":"2025-06-04T00:17:05.385306600-05:00[America/Bogota]","screenshots":[{"screenshot":"cec119dc753ffb19400a1d098e2033d92e7c958a3cafd6d0aab796543d0f9205.png","timeStamp":1749014236370,"screenshotName":"cec119dc753ffb19400a1d098e2033d92e7c958a3cafd6d0aab796543d0f9205.png"}],"result":"SUCCESS","precondition":false,"level":3,"children":[{"number":11,"description":"Lenovo clicks on Search container","duration":5285,"startTime":"2025-06-04T00:17:05.395132800-05:00[America/Bogota]","screenshots":[{"screenshot":"c0dadd2d4a999a2eec53593c91087ee6f6b8281fbaaa6c2a209ff1b4da02c964.png","timeStamp":1749014230681,"screenshotName":"c0dadd2d4a999a2eec53593c91087ee6f6b8281fbaaa6c2a209ff1b4da02c964.png"}],"result":"SUCCESS","precondition":false,"level":4},{"number":12,"description":"Lenovo enters \u0027Appium\u0027 into Search input field","duration":5671,"startTime":"2025-06-04T00:17:10.684295800-05:00[America/Bogota]","screenshots":[{"screenshot":"cec119dc753ffb19400a1d098e2033d92e7c958a3cafd6d0aab796543d0f9205.png","timeStamp":1749014236356,"screenshotName":"cec119dc753ffb19400a1d098e2033d92e7c958a3cafd6d0aab796543d0f9205.png"}],"result":"SUCCESS","precondition":false,"level":4}]}]}]},{"number":13,"description":"Then Se visualizan los resultados de búsqueda que contengan el artículo\r\n| Id Caso | Artículo |\r\n| 1 | Appium |","duration":2749,"startTime":"2025-06-04T00:17:16.380769100-05:00[America/Bogota]","screenshots":[{"screenshot":"370b89bd261f4b8ba1fbda4be986456dca7cb3af5c8adb3bb7c889569cf4c813.png","timeStamp":1749014239130,"screenshotName":"370b89bd261f4b8ba1fbda4be986456dca7cb3af5c8adb3bb7c889569cf4c813.png"}],"result":"SUCCESS","precondition":false,"level":1,"children":[{"number":14,"description":"Lenovo should see a value that is equal to: \u003c\"Appium\"\u003e","duration":1062,"startTime":"2025-06-04T00:17:18.059728700-05:00[America/Bogota]","screenshots":[{"screenshot":"370b89bd261f4b8ba1fbda4be986456dca7cb3af5c8adb3bb7c889569cf4c813.png","timeStamp":1749014239122,"screenshotName":"370b89bd261f4b8ba1fbda4be986456dca7cb3af5c8adb3bb7c889569cf4c813.png"}],"result":"SUCCESS","precondition":false,"level":2}]}]}],"userStory":{"id":"wikipedia","storyName":"Pruebas Funcionales de la Aplicación Wikipedia","displayName":"Pruebas Funcionales de la Aplicación Wikipedia","path":"wikipedia","pathElements":[{"name":"wikipedia","description":""}],"narrative":"  Como usuario, quiero interactuar con la aplicación de Wikipedia\n  Para poder iniciar sesión, buscar, navegar y usar funciones específicas de móviles","type":"feature"},"title":"2. Buscar un artículo","description":"","backgroundTitle":": Ingreso App Wikipedia","backgroundDescription":"","tags":[{"name":"App1","type":"tag","displayName":"App1"},{"name":"AppWikipedia","type":"tag","displayName":"AppWikipedia"}],"startTime":"2025-06-04T00:16:44.504324300-05:00[America/Bogota]","endTime":"2025-06-04T00:17:20.793098100-05:00[America/Bogota]","duration":12193,"projectKey":"","driver":"appium","isManualTestingUpToDate":false,"dataTable":{"headers":["idCaso","artículo"],"rows":[{"values":["1","Appium"],"lineNumber":38,"result":"SUCCESS"}],"predefinedRows":true,"scenarioOutline":"When Se busca el artículo\n\rThen Se visualizan los resultados de búsqueda que contengan el artículo\n\r","dataSetDescriptors":[{"startRow":0,"rowCount":0,"name":"","description":""}]},"manual":false,"testSource":"Cucumber","actors":[{"name":"Lenovo","can":["browse the web"]}],"order":0,"result":"SUCCESS","scenarioOutline":"When Se busca el artículo\r\n|Id Caso | Artículo|\r\n|\u003cidCaso\u003e | \u003cartículo\u003e|\r\nThen Se visualizan los resultados de búsqueda que contengan el artículo\r\n|Id Caso | Artículo|\r\n|\u003cidCaso\u003e | \u003cartículo\u003e|"}