{"name":"3. Valido Navegación en la APP","id":"pruebas-funcionales-de-la-aplicación-wikipedia;3.-valido-navegación-en-la-app","scenarioId":"wikipedia:3. Valido Navegación en la APP","methodName":"3. Valido Navegación en la APP","testSteps":[{"number":1,"description":"Given Que Ingreso a la APP de Wikipedia","duration":816,"startTime":"2025-06-04T00:12:55.627631200-05:00[America/Bogota]","screenshots":[{"screenshot":"bbd9642a70a8290970b64ece763a3dd27e699c13057be303fd920699b89cd0c3.png","timeStamp":1749013976444,"screenshotName":"bbd9642a70a8290970b64ece763a3dd27e699c13057be303fd920699b89cd0c3.png"}],"result":"SUCCESS","precondition":false,"level":0},{"number":2,"description":"When Navego en la APP Wikipedia","duration":4971,"startTime":"2025-06-04T00:12:56.444356100-05:00[America/Bogota]","screenshots":[{"screenshot":"73c27ca3c67b79909e99ef8fc39e5eff3242cf5cd790370822c0dfeb484b5d3b.png","timeStamp":1749013981416,"screenshotName":"73c27ca3c67b79909e99ef8fc39e5eff3242cf5cd790370822c0dfeb484b5d3b.png"}],"result":"SUCCESS","precondition":false,"level":0,"children":[{"number":3,"description":"Lenovo navegacion","duration":4957,"startTime":"2025-06-04T00:12:56.453678300-05:00[America/Bogota]","screenshots":[{"screenshot":"73c27ca3c67b79909e99ef8fc39e5eff3242cf5cd790370822c0dfeb484b5d3b.png","timeStamp":1749013981410,"screenshotName":"73c27ca3c67b79909e99ef8fc39e5eff3242cf5cd790370822c0dfeb484b5d3b.png"}],"result":"SUCCESS","precondition":false,"level":1,"children":[{"number":4,"description":"Lenovo click Boton Continuar","duration":2921,"startTime":"2025-06-04T00:12:56.464158500-05:00[America/Bogota]","screenshots":[{"screenshot":"73c27ca3c67b79909e99ef8fc39e5eff3242cf5cd790370822c0dfeb484b5d3b.png","timeStamp":1749013979385,"screenshotName":"73c27ca3c67b79909e99ef8fc39e5eff3242cf5cd790370822c0dfeb484b5d3b.png"}],"result":"SUCCESS","precondition":false,"level":2,"children":[{"number":5,"description":"Lenovo clicks on Continue button","duration":1275,"startTime":"2025-06-04T00:12:56.466152800-05:00[America/Bogota]","screenshots":[{"screenshot":"53a2fca90ebdec3661848f8a0d835eee878c3c9e6186d5e699130137fccc8b60.png","timeStamp":1749013977741,"screenshotName":"53a2fca90ebdec3661848f8a0d835eee878c3c9e6186d5e699130137fccc8b60.png"}],"result":"SUCCESS","precondition":false,"level":3},{"number":6,"description":"Lenovo clicks on Continue button","duration":1631,"startTime":"2025-06-04T00:12:57.744417700-05:00[America/Bogota]","screenshots":[{"screenshot":"73c27ca3c67b79909e99ef8fc39e5eff3242cf5cd790370822c0dfeb484b5d3b.png","timeStamp":1749013979375,"screenshotName":"73c27ca3c67b79909e99ef8fc39e5eff3242cf5cd790370822c0dfeb484b5d3b.png"}],"result":"SUCCESS","precondition":false,"level":3}]},{"number":7,"description":"Lenovo click en Skip Button","duration":2015,"startTime":"2025-06-04T00:12:59.388424500-05:00[America/Bogota]","screenshots":[{"screenshot":"73c27ca3c67b79909e99ef8fc39e5eff3242cf5cd790370822c0dfeb484b5d3b.png","timeStamp":1749013981403,"screenshotName":"73c27ca3c67b79909e99ef8fc39e5eff3242cf5cd790370822c0dfeb484b5d3b.png"}],"result":"SUCCESS","precondition":false,"level":2,"children":[{"number":8,"description":"Lenovo clicks on Skip button","duration":2000,"startTime":"2025-06-04T00:12:59.394408500-05:00[America/Bogota]","screenshots":[{"screenshot":"73c27ca3c67b79909e99ef8fc39e5eff3242cf5cd790370822c0dfeb484b5d3b.png","timeStamp":1749013981394,"screenshotName":"73c27ca3c67b79909e99ef8fc39e5eff3242cf5cd790370822c0dfeb484b5d3b.png"}],"result":"SUCCESS","precondition":false,"level":3}]}]}]}],"userStory":{"id":"wikipedia","storyName":"Pruebas Funcionales de la Aplicación Wikipedia","displayName":"Pruebas Funcionales de la Aplicación Wikipedia","path":"wikipedia","pathElements":[{"name":"wikipedia","description":""}],"narrative":"  Como usuario, quiero interactuar con la aplicación de Wikipedia\n  Para poder iniciar sesión, buscar, navegar y usar funciones específicas de móviles","type":"feature"},"title":"3. Valido Navegación en la APP","description":"","backgroundTitle":": Ingreso App Wikipedia","backgroundDescription":"","tags":[{"name":"App","type":"tag","displayName":"App"},{"name":"AppWikipedia","type":"tag","displayName":"AppWikipedia"}],"startTime":"2025-06-04T00:12:45.794929-05:00[America/Bogota]","endTime":"2025-06-04T00:13:01.417316600-05:00[America/Bogota]","duration":9858,"projectKey":"","sessionId":"a4bcfcc1-67ce-4475-851f-3f835905ebc4","driver":"appium","isManualTestingUpToDate":false,"manual":false,"testSource":"Cucumber","actors":[{"name":"Lenovo","can":["browse the web"]}],"order":0,"result":"SUCCESS"}