{"name":"1. Inicio de sesión exitoso en la aplicación de Wikipedia","id":"pruebas-funcionales-de-la-aplicación-wikipedia;1.-inicio-de-sesión-exitoso-en-la-aplicación-de-wikipedia","scenarioId":"wikipedia:1. Inicio de sesión exitoso en la aplicación de Wikipedia","methodName":"1. Inicio de sesión exitoso en la aplicación de Wikipedia","testSteps":[{"number":1,"description":"1: 1. Inicio de sesión exitoso en la aplicación de Wikipedia ({idCaso\u003d1, usuario\u003dtestappiumappiumgmail.com, password\u003domnipro777})","duration":30353,"startTime":"2025-06-04T00:12:02.468438300-05:00[America/Bogota]","screenshots":[{"screenshot":"2791c7286693644c552681d2a4dc27b8bd4fe78fbf4fe1125d020fff12cdd1cc.png","timeStamp":1749013952821,"screenshotName":"2791c7286693644c552681d2a4dc27b8bd4fe78fbf4fe1125d020fff12cdd1cc.png"}],"result":"SUCCESS","precondition":false,"level":0,"lineNumber":23,"children":[{"number":2,"description":"Given Que Ingreso a la APP de Wikipedia","duration":1711,"startTime":"2025-06-04T00:12:13.895044700-05:00[America/Bogota]","screenshots":[{"screenshot":"6ac26271d9a855362238795e0d8fb376eaa5dedeadca71b95ca7017beb472b73.png","timeStamp":1749013935605,"screenshotName":"6ac26271d9a855362238795e0d8fb376eaa5dedeadca71b95ca7017beb472b73.png"}],"result":"SUCCESS","precondition":false,"level":1},{"number":3,"description":"When Inicia sesión con el nombre de usuario y el password\r\n| Id Caso | Usuario | Password |\r\n| 1 | testappiumappiumgmail.com | omnipro777 |","duration":16026,"startTime":"2025-06-04T00:12:15.609530300-05:00[America/Bogota]","screenshots":[{"screenshot":"cd2f2fb25e2618f74a6d78dcb1b057eae4d79ebb74fe656cb3c3b7848b4d557c.png","timeStamp":1749013951635,"screenshotName":"cd2f2fb25e2618f74a6d78dcb1b057eae4d79ebb74fe656cb3c3b7848b4d557c.png"}],"result":"SUCCESS","precondition":false,"level":1,"children":[{"number":4,"description":"Lenovo login","duration":15342,"startTime":"2025-06-04T00:12:16.283359300-05:00[America/Bogota]","screenshots":[{"screenshot":"cd2f2fb25e2618f74a6d78dcb1b057eae4d79ebb74fe656cb3c3b7848b4d557c.png","timeStamp":1749013951626,"screenshotName":"cd2f2fb25e2618f74a6d78dcb1b057eae4d79ebb74fe656cb3c3b7848b4d557c.png"}],"result":"SUCCESS","precondition":false,"level":2,"children":[{"number":5,"description":"Lenovo click Boton Continuar","duration":4440,"startTime":"2025-06-04T00:12:16.594088200-05:00[America/Bogota]","screenshots":[{"screenshot":"73c27ca3c67b79909e99ef8fc39e5eff3242cf5cd790370822c0dfeb484b5d3b.png","timeStamp":1749013941034,"screenshotName":"73c27ca3c67b79909e99ef8fc39e5eff3242cf5cd790370822c0dfeb484b5d3b.png"}],"result":"SUCCESS","precondition":false,"level":3,"children":[{"number":6,"description":"Lenovo clicks on Continue button","duration":2381,"startTime":"2025-06-04T00:12:16.606397400-05:00[America/Bogota]","screenshots":[{"screenshot":"8764c7b119f0d2153be9685b6d1bd21772e648a5a4eac5c6625c04fb90dfed33.png","timeStamp":1749013938987,"screenshotName":"8764c7b119f0d2153be9685b6d1bd21772e648a5a4eac5c6625c04fb90dfed33.png"}],"result":"SUCCESS","precondition":false,"level":4},{"number":7,"description":"Lenovo clicks on Continue button","duration":2017,"startTime":"2025-06-04T00:12:18.996632200-05:00[America/Bogota]","screenshots":[{"screenshot":"73c27ca3c67b79909e99ef8fc39e5eff3242cf5cd790370822c0dfeb484b5d3b.png","timeStamp":1749013941013,"screenshotName":"73c27ca3c67b79909e99ef8fc39e5eff3242cf5cd790370822c0dfeb484b5d3b.png"}],"result":"SUCCESS","precondition":false,"level":4}]},{"number":8,"description":"Lenovo click en Skip Button","duration":3164,"startTime":"2025-06-04T00:12:21.042319-05:00[America/Bogota]","screenshots":[{"screenshot":"73c27ca3c67b79909e99ef8fc39e5eff3242cf5cd790370822c0dfeb484b5d3b.png","timeStamp":1749013944207,"screenshotName":"73c27ca3c67b79909e99ef8fc39e5eff3242cf5cd790370822c0dfeb484b5d3b.png"}],"result":"SUCCESS","precondition":false,"level":3,"children":[{"number":9,"description":"Lenovo clicks on Skip button","duration":3133,"startTime":"2025-06-04T00:12:21.053289200-05:00[America/Bogota]","screenshots":[{"screenshot":"73c27ca3c67b79909e99ef8fc39e5eff3242cf5cd790370822c0dfeb484b5d3b.png","timeStamp":1749013944186,"screenshotName":"73c27ca3c67b79909e99ef8fc39e5eff3242cf5cd790370822c0dfeb484b5d3b.png"}],"result":"SUCCESS","precondition":false,"level":4}]},{"number":10,"description":"Lenovo click more options","duration":2782,"startTime":"2025-06-04T00:12:24.215272200-05:00[America/Bogota]","screenshots":[{"screenshot":"4aff9d698fa7866e5ff5dc428bb57bbedad42f2ee5bec0245f53b072bd34d45a.png","timeStamp":1749013946996,"screenshotName":"4aff9d698fa7866e5ff5dc428bb57bbedad42f2ee5bec0245f53b072bd34d45a.png"}],"result":"SUCCESS","precondition":false,"level":3,"children":[{"number":11,"description":"Lenovo clicks on More options","duration":2753,"startTime":"2025-06-04T00:12:24.227246100-05:00[America/Bogota]","screenshots":[{"screenshot":"4aff9d698fa7866e5ff5dc428bb57bbedad42f2ee5bec0245f53b072bd34d45a.png","timeStamp":1749013946980,"screenshotName":"4aff9d698fa7866e5ff5dc428bb57bbedad42f2ee5bec0245f53b072bd34d45a.png"}],"result":"SUCCESS","precondition":false,"level":4}]},{"number":12,"description":"Lenovo enters username \u0027#username\u0027 and password \u0027#password","duration":4614,"startTime":"2025-06-04T00:12:27.001628-05:00[America/Bogota]","screenshots":[{"screenshot":"cd2f2fb25e2618f74a6d78dcb1b057eae4d79ebb74fe656cb3c3b7848b4d557c.png","timeStamp":1749013951616,"screenshotName":"cd2f2fb25e2618f74a6d78dcb1b057eae4d79ebb74fe656cb3c3b7848b4d557c.png"}],"result":"SUCCESS","precondition":false,"level":3,"children":[{"number":13,"description":"Lenovo clicks on Botón de login/join","duration":1854,"startTime":"2025-06-04T00:12:27.007612300-05:00[America/Bogota]","screenshots":[{"screenshot":"80a949e498d34862f595af7279d5398c8dc71a448adea9c6d437df7da33153bf.png","timeStamp":1749013948861,"screenshotName":"80a949e498d34862f595af7279d5398c8dc71a448adea9c6d437df7da33153bf.png"}],"result":"SUCCESS","precondition":false,"level":4},{"number":14,"description":"Lenovo clicks on Botón para iniciar sesión","duration":2741,"startTime":"2025-06-04T00:12:28.865585800-05:00[America/Bogota]","screenshots":[{"screenshot":"cd2f2fb25e2618f74a6d78dcb1b057eae4d79ebb74fe656cb3c3b7848b4d557c.png","timeStamp":1749013951607,"screenshotName":"cd2f2fb25e2618f74a6d78dcb1b057eae4d79ebb74fe656cb3c3b7848b4d557c.png"}],"result":"SUCCESS","precondition":false,"level":4}]}]}]},{"number":15,"description":"Then Se visualiza la pantalla de inicio","duration":1177,"startTime":"2025-06-04T00:12:31.636762600-05:00[America/Bogota]","screenshots":[{"screenshot":"2791c7286693644c552681d2a4dc27b8bd4fe78fbf4fe1125d020fff12cdd1cc.png","timeStamp":1749013952814,"screenshotName":"2791c7286693644c552681d2a4dc27b8bd4fe78fbf4fe1125d020fff12cdd1cc.png"}],"result":"SUCCESS","precondition":false,"level":1,"children":[{"number":16,"description":"Lenovo should see  that is equal to: \u003c\"Join Wikipedia\"\u003e","duration":1052,"startTime":"2025-06-04T00:12:31.753482-05:00[America/Bogota]","screenshots":[{"screenshot":"2791c7286693644c552681d2a4dc27b8bd4fe78fbf4fe1125d020fff12cdd1cc.png","timeStamp":1749013952806,"screenshotName":"2791c7286693644c552681d2a4dc27b8bd4fe78fbf4fe1125d020fff12cdd1cc.png"}],"result":"SUCCESS","precondition":false,"level":2}]}]}],"userStory":{"id":"wikipedia","storyName":"Pruebas Funcionales de la Aplicación Wikipedia","displayName":"Pruebas Funcionales de la Aplicación Wikipedia","path":"wikipedia","pathElements":[{"name":"wikipedia","description":""}],"narrative":"  Como usuario, quiero interactuar con la aplicación de Wikipedia\n  Para poder iniciar sesión, buscar, navegar y usar funciones específicas de móviles","type":"feature"},"title":"1. Inicio de sesión exitoso en la aplicación de Wikipedia","description":"","backgroundTitle":": Ingreso App Wikipedia","backgroundDescription":"","tags":[{"name":"App","type":"tag","displayName":"App"},{"name":"AppWikipedia","type":"tag","displayName":"AppWikipedia"}],"startTime":"2025-06-04T00:12:02.443503700-05:00[America/Bogota]","endTime":"2025-06-04T00:12:33.962451-05:00[America/Bogota]","duration":11682,"projectKey":"","driver":"appium","isManualTestingUpToDate":false,"dataTable":{"headers":["idCaso","usuario","password"],"rows":[{"values":["1","testappiumappiumgmail.com","omnipro777"],"lineNumber":23,"result":"SUCCESS"}],"predefinedRows":true,"scenarioOutline":"When Inicia sesión con el nombre de usuario y el password\n\rThen Se visualiza la pantalla de inicio\n\r","dataSetDescriptors":[{"startRow":0,"rowCount":0,"name":"","description":""}]},"manual":false,"testSource":"Cucumber","actors":[{"name":"Lenovo","can":["browse the web"]}],"order":0,"result":"SUCCESS","scenarioOutline":"When Inicia sesión con el nombre de usuario y el password\r\n|Id Caso | Usuario | Password|\r\n|\u003cidCaso\u003e | \u003cusuario\u003e | \u003cpassword\u003e|\r\nThen Se visualiza la pantalla de inicio"}