{"name":"5. Mover Interface","id":"pruebas-funcionales-de-la-aplicación-wikipedia;5.-mover-interface","scenarioId":"wikipedia:5. Mover Interface","methodName":"5. Mover Interface","testSteps":[{"number":1,"description":"Given Que Ingreso a la APP de Wikipedia","duration":1768,"startTime":"2025-06-04T00:13:27.615124700-05:00[America/Bogota]","screenshots":[{"screenshot":"2df1af8d1f1158192820bf1c45c220d428c97cd37dd69ab70feb41f73cd5a876.png","timeStamp":1749014009384,"screenshotName":"2df1af8d1f1158192820bf1c45c220d428c97cd37dd69ab70feb41f73cd5a876.png"}],"result":"SUCCESS","precondition":false,"level":0},{"number":2,"description":"When Se valida Mover Interface","duration":7071,"startTime":"2025-06-04T00:13:29.385088800-05:00[America/Bogota]","screenshots":[{"screenshot":"2df1af8d1f1158192820bf1c45c220d428c97cd37dd69ab70feb41f73cd5a876.png","timeStamp":1749014016456,"screenshotName":"2df1af8d1f1158192820bf1c45c220d428c97cd37dd69ab70feb41f73cd5a876.png"}],"result":"SUCCESS","precondition":false,"level":0}],"userStory":{"id":"wikipedia","storyName":"Pruebas Funcionales de la Aplicación Wikipedia","displayName":"Pruebas Funcionales de la Aplicación Wikipedia","path":"wikipedia","pathElements":[{"name":"wikipedia","description":""}],"narrative":"  Como usuario, quiero interactuar con la aplicación de Wikipedia\n  Para poder iniciar sesión, buscar, navegar y usar funciones específicas de móviles","type":"feature"},"title":"5. Mover Interface","description":"","backgroundTitle":": Ingreso App Wikipedia","backgroundDescription":"","tags":[{"name":"App","type":"tag","displayName":"App"},{"name":"AppWikipedia","type":"tag","displayName":"AppWikipedia"}],"startTime":"2025-06-04T00:13:16.295432200-05:00[America/Bogota]","endTime":"2025-06-04T00:13:36.457007600-05:00[America/Bogota]","duration":11375,"projectKey":"","sessionId":"098c2f4d-f9ef-40d2-b860-be71ac120193","driver":"appium","isManualTestingUpToDate":false,"manual":false,"testSource":"Cucumber","actors":[{"name":"Lenovo","can":["browse the web"]}],"order":0,"result":"SUCCESS"}