{"name":"6. Aceptar Permisos","id":"pruebas-funcionales-de-la-aplicación-wikipedia;6.-aceptar-permisos","scenarioId":"wikipedia:6. Aceptar Permisos","methodName":"6. Aceptar Permisos","testSteps":[{"number":1,"description":"Given Que Ingreso a la APP de Wikipedia","duration":1662,"startTime":"2025-06-04T00:13:50.796489300-05:00[America/Bogota]","screenshots":[{"screenshot":"2df1af8d1f1158192820bf1c45c220d428c97cd37dd69ab70feb41f73cd5a876.png","timeStamp":1749014032458,"screenshotName":"2df1af8d1f1158192820bf1c45c220d428c97cd37dd69ab70feb41f73cd5a876.png"}],"result":"SUCCESS","precondition":false,"level":0},{"number":2,"description":"When Se valida Aceptar alert","duration":16109,"startTime":"2025-06-04T00:13:52.458976300-05:00[America/Bogota]","screenshots":[{"screenshot":"98505017c9746dd0eb73dc1e49ff8ffedd1166342e2820f5bba4ebbfead22d32.png","timeStamp":1749014048568,"screenshotName":"98505017c9746dd0eb73dc1e49ff8ffedd1166342e2820f5bba4ebbfead22d32.png"}],"result":"SUCCESS","precondition":false,"level":0,"children":[{"number":3,"description":"Lenovo click Boton Continuar","duration":2395,"startTime":"2025-06-04T00:13:52.480352700-05:00[America/Bogota]","screenshots":[{"screenshot":"da82d90d24e4676b5fb60dbc378ff2886700d0a7bd6b8110c5440049ca4421c4.png","timeStamp":1749014034875,"screenshotName":"da82d90d24e4676b5fb60dbc378ff2886700d0a7bd6b8110c5440049ca4421c4.png"}],"result":"SUCCESS","precondition":false,"level":1,"children":[{"number":4,"description":"Lenovo clicks on Continue button","duration":1286,"startTime":"2025-06-04T00:13:52.484341800-05:00[America/Bogota]","screenshots":[{"screenshot":"1cb17faafde8925061b8248d9ee8ab906fd5807791499d39d904b14ec3f3c0c0.png","timeStamp":1749014033771,"screenshotName":"1cb17faafde8925061b8248d9ee8ab906fd5807791499d39d904b14ec3f3c0c0.png"}],"result":"SUCCESS","precondition":false,"level":2},{"number":5,"description":"Lenovo clicks on Continue button","duration":1096,"startTime":"2025-06-04T00:13:53.772530300-05:00[America/Bogota]","screenshots":[{"screenshot":"da82d90d24e4676b5fb60dbc378ff2886700d0a7bd6b8110c5440049ca4421c4.png","timeStamp":1749014034868,"screenshotName":"da82d90d24e4676b5fb60dbc378ff2886700d0a7bd6b8110c5440049ca4421c4.png"}],"result":"SUCCESS","precondition":false,"level":2}]},{"number":6,"description":"Lenovo click en Skip Button","duration":2576,"startTime":"2025-06-04T00:13:54.877066900-05:00[America/Bogota]","screenshots":[{"screenshot":"ef65d5a208289ae71052bba21b2b1045dde7c2312a1ada8ed21185e2aa9bfbb7.png","timeStamp":1749014037453,"screenshotName":"ef65d5a208289ae71052bba21b2b1045dde7c2312a1ada8ed21185e2aa9bfbb7.png"}],"result":"SUCCESS","precondition":false,"level":1,"children":[{"number":7,"description":"Lenovo clicks on Skip button","duration":2560,"startTime":"2025-06-04T00:13:54.881053600-05:00[America/Bogota]","screenshots":[{"screenshot":"ef65d5a208289ae71052bba21b2b1045dde7c2312a1ada8ed21185e2aa9bfbb7.png","timeStamp":1749014037441,"screenshotName":"ef65d5a208289ae71052bba21b2b1045dde7c2312a1ada8ed21185e2aa9bfbb7.png"}],"result":"SUCCESS","precondition":false,"level":2}]},{"number":8,"description":"Lenovo click more options","duration":4108,"startTime":"2025-06-04T00:13:57.465308100-05:00[America/Bogota]","screenshots":[{"screenshot":"806137520ed7d1d5fe7f7bc6381285b281367a867acee15d39801599c30f1e07.png","timeStamp":1749014041573,"screenshotName":"806137520ed7d1d5fe7f7bc6381285b281367a867acee15d39801599c30f1e07.png"}],"result":"SUCCESS","precondition":false,"level":1,"children":[{"number":9,"description":"Lenovo clicks on More options","duration":4066,"startTime":"2025-06-04T00:13:57.484258200-05:00[America/Bogota]","screenshots":[{"screenshot":"806137520ed7d1d5fe7f7bc6381285b281367a867acee15d39801599c30f1e07.png","timeStamp":1749014041551,"screenshotName":"806137520ed7d1d5fe7f7bc6381285b281367a867acee15d39801599c30f1e07.png"}],"result":"SUCCESS","precondition":false,"level":2}]},{"number":10,"description":"Lenovo clicks on Botón de login/join","duration":3153,"startTime":"2025-06-04T00:14:01.596474700-05:00[America/Bogota]","screenshots":[{"screenshot":"fe7f87f4cc128442d6ffdf94ca14f461a423babccf7dcdacf788b311d305997e.png","timeStamp":1749014044750,"screenshotName":"fe7f87f4cc128442d6ffdf94ca14f461a423babccf7dcdacf788b311d305997e.png"}],"result":"SUCCESS","precondition":false,"level":1},{"number":11,"description":"Lenovo clicks on Botón para iniciar sesión","duration":3812,"startTime":"2025-06-04T00:14:04.753153900-05:00[America/Bogota]","screenshots":[{"screenshot":"98505017c9746dd0eb73dc1e49ff8ffedd1166342e2820f5bba4ebbfead22d32.png","timeStamp":1749014048564,"screenshotName":"98505017c9746dd0eb73dc1e49ff8ffedd1166342e2820f5bba4ebbfead22d32.png"}],"result":"SUCCESS","precondition":false,"level":1}]}],"userStory":{"id":"wikipedia","storyName":"Pruebas Funcionales de la Aplicación Wikipedia","displayName":"Pruebas Funcionales de la Aplicación Wikipedia","path":"wikipedia","pathElements":[{"name":"wikipedia","description":""}],"narrative":"  Como usuario, quiero interactuar con la aplicación de Wikipedia\n  Para poder iniciar sesión, buscar, navegar y usar funciones específicas de móviles","type":"feature"},"title":"6. Aceptar Permisos","description":"","backgroundTitle":": Ingreso App Wikipedia","backgroundDescription":"","tags":[{"name":"App","type":"tag","displayName":"App"},{"name":"AppWikipedia","type":"tag","displayName":"AppWikipedia"}],"startTime":"2025-06-04T00:13:38.690528600-05:00[America/Bogota]","endTime":"2025-06-04T00:14:08.568970600-05:00[America/Bogota]","duration":12149,"projectKey":"","sessionId":"21df3b93-4076-4d07-b3ec-c5501634b2b4","driver":"appium","isManualTestingUpToDate":false,"manual":false,"testSource":"Cucumber","actors":[{"name":"Lenovo","can":["browse the web"]}],"order":0,"result":"SUCCESS"}